	Mean	MCSE	StdDev	2.5%	50%	97.5%	N_Eff	N_Eff/s	R_hat
b1_mu	6.524	2.977	4.372	1.425	4.697	13.805	2.156	0.001	3.497
a1_mu	0.022	0.026	0.037	0.0	0.0	0.088	2.002	0.001	45.039
sigma[1]	1.1	0.008	1.25	0.0293	0.774	3.85	24576.0	9.51	1.0
sigma[2]	1.11	0.00856	1.3	0.0271	0.766	3.96	22918.0	8.87	1.0
sigma_pr[1]	1.0		2.5e-14	1.0	1.0	1.0			
sigma_pr[2]	1.0		2.5e-14	1.0	1.0	1.0			
sigma_pr[3]	1.1	0.008	1.25	0.0293	0.774	3.85	24576.0	9.51	1.0
sigma_pr[4]	1.11	0.00856	1.3	0.0271	0.766	3.96	22918.0	8.87	1.0
b1[1]	-7.2	2.98	4.37	-12.3	-9.02	0.0852	2.16	0.000835	3.5
b1[2]	6.21	2.98	4.37	1.11	4.38	13.5	2.16	0.000835	3.5
b1[3]	-7.2	2.98	4.37	-12.3	-9.02	0.0852	2.16	0.000835	3.5
b1[4]	6.21	2.98	4.37	1.11	4.38	13.5	2.16	0.000835	3.5
b1[5]	-4.96	2.98	4.37	-10.1	-6.79	2.32	2.16	0.000835	3.5
b1[6]	-2.73	2.98	4.37	-7.83	-4.55	4.55	2.16	0.000835	3.5
b1[7]	24.1	2.98	4.37	19.0	22.3	31.4	2.16	0.000835	3.5
b1[8]	-4.96	2.98	4.37	-10.1	-6.79	2.32	2.16	0.000835	3.5
b1[9]	-7.2	2.98	4.37	-12.3	-9.02	0.0852	2.16	0.000835	3.5
b1[10]	26.3	2.98	4.37	21.2	24.5	33.6	2.16	0.000835	3.5
b1[11]	12.9	2.98	4.37	7.82	11.1	20.2	2.16	0.000835	3.5
b1[12]	15.1	2.98	4.37	10.0	13.3	22.4	2.16	0.000835	3.5
b1[13]	-7.2	2.98	4.37	-12.3	-9.02	0.0852	2.16	0.000835	3.5
b1[14]	-4.96	2.98	4.37	-10.1	-6.79	2.32	2.16	0.000835	3.5
b1[15]	-7.2	2.98	4.37	-12.3	-9.02	0.0852	2.16	0.000835	3.5
b1[16]	21.9	2.98	4.37	16.8	20.0	29.1	2.16	0.000835	3.5
b1[17]	10.7	2.98	4.37	5.58	8.85	18.0	2.16	0.000835	3.5
b1[18]	6.21	2.98	4.37	1.11	4.38	13.5	2.16	0.000835	3.5
b1[19]	-2.73	2.98	4.37	-7.83	-4.55	4.55	2.16	0.000835	3.5
b1[20]	-7.2	2.98	4.37	-12.3	-9.02	0.0852	2.16	0.000835	3.5
b1[21]	17.4	2.98	4.37	12.3	15.6	24.7	2.16	0.000835	3.5
b1[22]	17.4	2.98	4.37	12.3	15.6	24.7	2.16	0.000835	3.5
b1[23]	21.9	2.98	4.37	16.8	20.0	29.1	2.16	0.000835	3.5
b1[24]	3.98	2.98	4.37	-1.12	2.15	11.3	2.16	0.000835	3.5
b1[25]	-7.2	2.98	4.37	-12.3	-9.02	0.0852	2.16	0.000835	3.5
b1[26]	15.1	2.98	4.37	10.0	13.3	22.4	2.16	0.000835	3.5
b1[27]	-2.73	2.98	4.37	-7.83	-4.55	4.55	2.16	0.000835	3.5
b1[28]	6.21	2.98	4.37	1.11	4.38	13.5	2.16	0.000835	3.5
b1[29]	3.98	2.98	4.37	-1.12	2.15	11.3	2.16	0.000835	3.5
b1[30]	-7.2	2.98	4.37	-12.3	-9.02	0.0852	2.16	0.000835	3.5
b1[31]	-4.96	2.98	4.37	-10.1	-6.79	2.32	2.16	0.000835	3.5
b1[32]	21.9	2.98	4.37	16.8	20.0	29.1	2.16	0.000835	3.5
b1[33]	1.74	2.98	4.37	-3.36	-0.0845	9.02	2.16	0.000835	3.5
b1[34]	12.9	2.98	4.37	7.82	11.1	20.2	2.16	0.000835	3.5
b1[35]	19.6	2.98	4.37	14.5	17.8	26.9	2.16	0.000835	3.5
b1[36]	28.6	2.98	4.37	23.5	26.7	35.8	2.16	0.000835	3.5
b1[37]	21.9	2.98	4.37	16.8	20.0	29.1	2.16	0.000835	3.5
b1[38]	17.4	2.98	4.37	12.3	15.6	24.7	2.16	0.000835	3.5
b1[39]	26.3	2.98	4.37	21.2	24.5	33.6	2.16	0.000835	3.5
b1[40]	17.4	2.98	4.37	12.3	15.6	24.7	2.16	0.000835	3.5
b1[41]	-0.492	2.98	4.37	-5.59	-2.32	6.79	2.16	0.000835	3.5
b1[42]	-0.492	2.98	4.37	-5.59	-2.32	6.79	2.16	0.000835	3.5
b1[43]	-7.2	2.98	4.37	-12.3	-9.02	0.0852	2.16	0.000835	3.5
b1[44]	-0.492	2.98	4.37	-5.59	-2.32	6.79	2.16	0.000835	3.5
b1[45]	-4.96	2.98	4.37	-10.1	-6.79	2.32	2.16	0.000835	3.5
b1[46]	1.74	2.98	4.37	-3.36	-0.0845	9.02	2.16	0.000835	3.5
b1[47]	1.74	2.98	4.37	-3.36	-0.0845	9.02	2.16	0.000835	3.5
b1[48]	1.74	2.98	4.37	-3.36	-0.0845	9.02	2.16	0.000835	3.5
b1[49]	-0.492	2.98	4.37	-5.59	-2.32	6.79	2.16	0.000835	3.5
b1[50]	8.45	2.98	4.37	3.35	6.62	15.7	2.16	0.000835	3.5
b1[51]	3.98	2.98	4.37	-1.12	2.15	11.3	2.16	0.000835	3.5
b1[52]	-0.492	2.98	4.37	-5.59	-2.32	6.79	2.16	0.000835	3.5
b1[53]	-7.2	2.98	4.37	-12.3	-9.02	0.0852	2.16	0.000835	3.5
b1[54]	-2.73	2.98	4.37	-7.83	-4.55	4.55	2.16	0.000835	3.5
b1[55]	1.74	2.98	4.37	-3.36	-0.0845	9.02	2.16	0.000835	3.5
b1[56]	-4.96	2.98	4.37	-10.1	-6.79	2.32	2.16	0.000835	3.5
b1[57]	8.45	2.98	4.37	3.35	6.62	15.7	2.16	0.000835	3.5
b1[58]	6.21	2.98	4.37	1.11	4.38	13.5	2.16	0.000835	3.5
b1[59]	-2.73	2.98	4.37	-7.83	-4.55	4.55	2.16	0.000835	3.5
b1[60]	-4.96	2.98	4.37	-10.1	-6.79	2.32	2.16	0.000835	3.5
b1[61]	-0.492	2.98	4.37	-5.59	-2.32	6.79	2.16	0.000835	3.5
b1[62]	-2.73	2.98	4.37	-7.83	-4.55	4.55	2.16	0.000835	3.5
b1[63]	6.21	2.98	4.37	1.11	4.38	13.5	2.16	0.000835	3.5
b1[64]	-0.492	2.98	4.37	-5.59	-2.32	6.79	2.16	0.000835	3.5
b1[65]	-4.96	2.98	4.37	-10.1	-6.79	2.32	2.16	0.000835	3.5
b1[66]	1.74	2.98	4.37	-3.36	-0.0845	9.02	2.16	0.000835	3.5
b1[67]	-4.96	2.98	4.37	-10.1	-6.79	2.32	2.16	0.000835	3.5
b1[68]	17.4	2.98	4.37	12.3	15.6	24.7	2.16	0.000835	3.5
b1[69]	1.74	2.98	4.37	-3.36	-0.0845	9.02	2.16	0.000835	3.5
b1[70]	15.1	2.98	4.37	10.0	13.3	22.4	2.16	0.000835	3.5
b1[71]	-2.73	2.98	4.37	-7.83	-4.55	4.55	2.16	0.000835	3.5
b1[72]	1.74	2.98	4.37	-3.36	-0.0845	9.02	2.16	0.000835	3.5
b1[73]	3.98	2.98	4.37	-1.12	2.15	11.3	2.16	0.000835	3.5
b1[74]	26.3	2.98	4.37	21.2	24.5	33.6	2.16	0.000835	3.5
b1[75]	6.21	2.98	4.37	1.11	4.38	13.5	2.16	0.000835	3.5
b1[76]	15.1	2.98	4.37	10.0	13.3	22.4	2.16	0.000835	3.5
b1[77]	17.4	2.98	4.37	12.3	15.6	24.7	2.16	0.000835	3.5
b1[78]	8.45	2.98	4.37	3.35	6.62	15.7	2.16	0.000835	3.5
b1[79]	-4.96	2.98	4.37	-10.1	-6.79	2.32	2.16	0.000835	3.5
b1[80]	-0.492	2.98	4.37	-5.59	-2.32	6.79	2.16	0.000835	3.5
b1[81]	3.98	2.98	4.37	-1.12	2.15	11.3	2.16	0.000835	3.5
b1[82]	-2.73	2.98	4.37	-7.83	-4.55	4.55	2.16	0.000835	3.5
b1[83]	1.74	2.98	4.37	-3.36	-0.0845	9.02	2.16	0.000835	3.5
b1[84]	-7.2	2.98	4.37	-12.3	-9.02	0.0852	2.16	0.000835	3.5
b1[85]	-0.492	2.98	4.37	-5.59	-2.32	6.79	2.16	0.000835	3.5
b1[86]	-2.73	2.98	4.37	-7.83	-4.55	4.55	2.16	0.000835	3.5
b1[87]	-7.2	2.98	4.37	-12.3	-9.02	0.0852	2.16	0.000835	3.5
b1[88]	10.7	2.98	4.37	5.58	8.85	18.0	2.16	0.000835	3.5
b1[89]	17.4	2.98	4.37	12.3	15.6	24.7	2.16	0.000835	3.5
b1[90]	10.7	2.98	4.37	5.58	8.85	18.0	2.16	0.000835	3.5
b1[91]	17.4	2.98	4.37	12.3	15.6	24.7	2.16	0.000835	3.5
b1[92]	8.45	2.98	4.37	3.35	6.62	15.7	2.16	0.000835	3.5
b1[93]	19.6	2.98	4.37	14.5	17.8	26.9	2.16	0.000835	3.5
b1[94]	12.9	2.98	4.37	7.82	11.1	20.2	2.16	0.000835	3.5
b1[95]	17.4	2.98	4.37	12.3	15.6	24.7	2.16	0.000835	3.5
b1[96]	-2.73	2.98	4.37	-7.83	-4.55	4.55	2.16	0.000835	3.5
b1[97]	-2.73	2.98	4.37	-7.83	-4.55	4.55	2.16	0.000835	3.5
b1[98]	-2.73	2.98	4.37	-7.83	-4.55	4.55	2.16	0.000835	3.5
b1[99]	19.6	2.98	4.37	14.5	17.8	26.9	2.16	0.000835	3.5
b1[100]	1.74	2.98	4.37	-3.36	-0.0845	9.02	2.16	0.000835	3.5
b1[101]	19.6	2.98	4.37	14.5	17.8	26.9	2.16	0.000835	3.5
b1[102]	3.98	2.98	4.37	-1.12	2.15	11.3	2.16	0.000835	3.5
b1[103]	-0.492	2.98	4.37	-5.59	-2.32	6.79	2.16	0.000835	3.5
b1[104]	6.21	2.98	4.37	1.11	4.38	13.5	2.16	0.000835	3.5
b1[105]	-4.96	2.98	4.37	-10.1	-6.79	2.32	2.16	0.000835	3.5
b1[106]	3.98	2.98	4.37	-1.12	2.15	11.3	2.16	0.000835	3.5
b1[107]	3.98	2.98	4.37	-1.12	2.15	11.3	2.16	0.000835	3.5
b1[108]	10.7	2.98	4.37	5.58	8.85	18.0	2.16	0.000835	3.5
b1[109]	-0.492	2.98	4.37	-5.59	-2.32	6.79	2.16	0.000835	3.5
b1[110]	10.7	2.98	4.37	5.58	8.85	18.0	2.16	0.000835	3.5
b1[111]	1.74	2.98	4.37	-3.36	-0.0845	9.02	2.16	0.000835	3.5
b1[112]	1.74	2.98	4.37	-3.36	-0.0845	9.02	2.16	0.000835	3.5
b1[113]	17.4	2.98	4.37	12.3	15.6	24.7	2.16	0.000835	3.5
b1[114]	24.1	2.98	4.37	19.0	22.3	31.4	2.16	0.000835	3.5
b1[115]	10.7	2.98	4.37	5.58	8.85	18.0	2.16	0.000835	3.5
b1[116]	1.74	2.98	4.37	-3.36	-0.0845	9.02	2.16	0.000835	3.5
b1[117]	15.1	2.98	4.37	10.0	13.3	22.4	2.16	0.000835	3.5
b1[118]	1.74	2.98	4.37	-3.36	-0.0845	9.02	2.16	0.000835	3.5
b1[119]	10.7	2.98	4.37	5.58	8.85	18.0	2.16	0.000835	3.5
b1[120]	10.7	2.98	4.37	5.58	8.85	18.0	2.16	0.000835	3.5
b1[121]	10.7	2.98	4.37	5.58	8.85	18.0	2.16	0.000835	3.5
b1[122]	12.9	2.98	4.37	7.82	11.1	20.2	2.16	0.000835	3.5
b1[123]	10.7	2.98	4.37	5.58	8.85	18.0	2.16	0.000835	3.5
b1[124]	10.7	2.98	4.37	5.58	8.85	18.0	2.16	0.000835	3.5
b1[125]	10.7	2.98	4.37	5.58	8.85	18.0	2.16	0.000835	3.5
b1[126]	10.7	2.98	4.37	5.58	8.85	18.0	2.16	0.000835	3.5
b1[127]	1.74	2.98	4.37	-3.36	-0.0845	9.02	2.16	0.000835	3.5
b1[128]	-4.96	2.98	4.37	-10.1	-6.79	2.32	2.16	0.000835	3.5
b1[129]	-7.2	2.98	4.37	-12.3	-9.02	0.0852	2.16	0.000835	3.5
b1[130]	1.74	2.98	4.37	-3.36	-0.0845	9.02	2.16	0.000835	3.5
b1[131]	10.7	2.98	4.37	5.58	8.85	18.0	2.16	0.000835	3.5
b1[132]	12.9	2.98	4.37	7.82	11.1	20.2	2.16	0.000835	3.5
b1[133]	-7.2	2.98	4.37	-12.3	-9.02	0.0852	2.16	0.000835	3.5
b1[134]	-7.2	2.98	4.37	-12.3	-9.02	0.0852	2.16	0.000835	3.5
b1[135]	19.6	2.98	4.37	14.5	17.8	26.9	2.16	0.000835	3.5
b1[136]	10.7	2.98	4.37	5.58	8.85	18.0	2.16	0.000835	3.5
b1[137]	24.1	2.98	4.37	19.0	22.3	31.4	2.16	0.000835	3.5
b1[138]	24.1	2.98	4.37	19.0	22.3	31.4	2.16	0.000835	3.5
b1[139]	19.6	2.98	4.37	14.5	17.8	26.9	2.16	0.000835	3.5
b1[140]	24.1	2.98	4.37	19.0	22.3	31.4	2.16	0.000835	3.5
b1[141]	-4.96	2.98	4.37	-10.1	-6.79	2.32	2.16	0.000835	3.5
b1[142]	10.7	2.98	4.37	5.58	8.85	18.0	2.16	0.000835	3.5
b1[143]	10.7	2.98	4.37	5.58	8.85	18.0	2.16	0.000835	3.5
b1[144]	3.98	2.98	4.37	-1.12	2.15	11.3	2.16	0.000835	3.5
b1[145]	8.45	2.98	4.37	3.35	6.62	15.7	2.16	0.000835	3.5
b1[146]	26.3	2.98	4.37	21.2	24.5	33.6	2.16	0.000835	3.5
b1[147]	21.9	2.98	4.37	16.8	20.0	29.1	2.16	0.000835	3.5
b1[148]	24.1	2.98	4.37	19.0	22.3	31.4	2.16	0.000835	3.5
b1[149]	17.4	2.98	4.37	12.3	15.6	24.7	2.16	0.000835	3.5
b1[150]	15.1	2.98	4.37	10.0	13.3	22.4	2.16	0.000835	3.5
a1[1]	0.151	0.184	0.261	7.37e-08	1.45e-07	0.607	2.0	0.000775	133.0
a1[2]	0.00927	0.0112	0.0158	9e-05	0.000142	0.038	2.0	0.000775	29.2
a1[3]	0.151	0.184	0.261	7.37e-08	1.45e-07	0.607	2.0	0.000775	133.0
a1[4]	0.00927	0.0112	0.0158	9e-05	0.000142	0.038	2.0	0.000775	29.2
a1[5]	0.106	0.129	0.183	2.84e-07	5.39e-07	0.428	2.0	0.000775	83.8
a1[6]	0.068	0.0833	0.118	1.03e-06	1.88e-06	0.277	2.0	0.000775	58.5
a1[7]	0.0397	0.00663	0.00988	0.0226	0.0432	0.0522	2.22	0.000858	3.02
a1[8]	0.106	0.129	0.183	2.84e-07	5.39e-07	0.428	2.0	0.000775	83.8
a1[9]	0.151	0.184	0.261	7.37e-08	1.45e-07	0.607	2.0	0.000775	133.0
a1[10]	0.0643	0.0118	0.0173	0.0338	0.0712	0.0844	2.15	0.000833	3.55
a1[11]	0.00476	0.00364	0.00516	0.00132	0.00189	0.0142	2.01	0.000777	17.9
a1[12]	0.00587	0.00255	0.00364	0.00288	0.00398	0.0125	2.03	0.000784	8.37
a1[13]	0.151	0.184	0.261	7.37e-08	1.45e-07	0.607	2.0	0.000775	133.0
a1[14]	0.106	0.129	0.183	2.84e-07	5.39e-07	0.428	2.0	0.000775	83.8
a1[15]	0.151	0.184	0.261	7.37e-08	1.45e-07	0.607	2.0	0.000775	133.0
a1[16]	0.0239	0.00287	0.00453	0.0164	0.025	0.0307	2.49	0.000963	2.14
a1[17]	0.00492	0.00505	0.00715	0.000574	0.000847	0.018	2.0	0.000776	25.4
a1[18]	0.00927	0.0112	0.0158	9e-05	0.000142	0.038	2.0	0.000775	29.2
a1[19]	0.068	0.0833	0.118	1.03e-06	1.88e-06	0.277	2.0	0.000775	58.5
a1[20]	0.151	0.184	0.261	7.37e-08	1.45e-07	0.607	2.0	0.000775	133.0
a1[21]	0.00871	0.0014	0.0021	0.00593	0.00795	0.0124	2.26	0.000875	2.78
a1[22]	0.00871	0.0014	0.0021	0.00593	0.00795	0.0124	2.26	0.000875	2.78
a1[23]	0.0239	0.00287	0.00453	0.0164	0.025	0.0307	2.49	0.000963	2.14
a1[24]	0.0148	0.0181	0.0256	3.24e-05	5.31e-05	0.0611	2.0	0.000775	31.9
a1[25]	0.151	0.184	0.261	7.37e-08	1.45e-07	0.607	2.0	0.000775	133.0
a1[26]	0.00587	0.00255	0.00364	0.00288	0.00398	0.0125	2.03	0.000784	8.37
a1[27]	0.068	0.0833	0.118	1.03e-06	1.88e-06	0.277	2.0	0.000775	58.5
a1[28]	0.00927	0.0112	0.0158	9e-05	0.000142	0.038	2.0	0.000775	29.2
a1[29]	0.0148	0.0181	0.0256	3.24e-05	5.31e-05	0.0611	2.0	0.000775	31.9
a1[30]	0.151	0.184	0.261	7.37e-08	1.45e-07	0.607	2.0	0.000775	133.0
a1[31]	0.106	0.129	0.183	2.84e-07	5.39e-07	0.428	2.0	0.000775	83.8
a1[32]	0.0239	0.00287	0.00453	0.0164	0.025	0.0307	2.49	0.000963	2.14
a1[33]	0.0247	0.0302	0.0427	1.09e-05	1.86e-05	0.102	2.0	0.000775	36.7
a1[34]	0.00476	0.00364	0.00516	0.00132	0.00189	0.0142	2.01	0.000777	17.9
a1[35]	0.0142	0.000295	0.00142	0.0116	0.0139	0.0173	23.1	0.00893	1.05
a1[36]	0.101	0.018	0.0262	0.0539	0.112	0.131	2.13	0.000826	3.77
a1[37]	0.0239	0.00287	0.00453	0.0164	0.025	0.0307	2.49	0.000963	2.14
a1[38]	0.00871	0.0014	0.0021	0.00593	0.00795	0.0124	2.26	0.000875	2.78
a1[39]	0.0643	0.0118	0.0173	0.0338	0.0712	0.0844	2.15	0.000833	3.55
a1[40]	0.00871	0.0014	0.0021	0.00593	0.00795	0.0124	2.26	0.000875	2.78
a1[41]	0.0415	0.0508	0.0718	3.46e-06	6.11e-06	0.17	2.0	0.000775	44.7
a1[42]	0.0415	0.0508	0.0718	3.46e-06	6.11e-06	0.17	2.0	0.000775	44.7
a1[43]	0.151	0.184	0.261	7.37e-08	1.45e-07	0.607	2.0	0.000775	133.0
a1[44]	0.0415	0.0508	0.0718	3.46e-06	6.11e-06	0.17	2.0	0.000775	44.7
a1[45]	0.106	0.129	0.183	2.84e-07	5.39e-07	0.428	2.0	0.000775	83.8
a1[46]	0.0247	0.0302	0.0427	1.09e-05	1.86e-05	0.102	2.0	0.000775	36.7
a1[47]	0.0247	0.0302	0.0427	1.09e-05	1.86e-05	0.102	2.0	0.000775	36.7
a1[48]	0.0247	0.0302	0.0427	1.09e-05	1.86e-05	0.102	2.0	0.000775	36.7
a1[49]	0.0415	0.0508	0.0718	3.46e-06	6.11e-06	0.17	2.0	0.000775	44.7
a1[50]	0.00629	0.0073	0.0103	0.000234	0.000358	0.0251	2.0	0.000775	27.7
a1[51]	0.0148	0.0181	0.0256	3.24e-05	5.31e-05	0.0611	2.0	0.000775	31.9
a1[52]	0.0415	0.0508	0.0718	3.46e-06	6.11e-06	0.17	2.0	0.000775	44.7
a1[53]	0.151	0.184	0.261	7.37e-08	1.45e-07	0.607	2.0	0.000775	133.0
a1[54]	0.068	0.0833	0.118	1.03e-06	1.88e-06	0.277	2.0	0.000775	58.5
a1[55]	0.0247	0.0302	0.0427	1.09e-05	1.86e-05	0.102	2.0	0.000775	36.7
a1[56]	0.106	0.129	0.183	2.84e-07	5.39e-07	0.428	2.0	0.000775	83.8
a1[57]	0.00629	0.0073	0.0103	0.000234	0.000358	0.0251	2.0	0.000775	27.7
a1[58]	0.00927	0.0112	0.0158	9e-05	0.000142	0.038	2.0	0.000775	29.2
a1[59]	0.068	0.0833	0.118	1.03e-06	1.88e-06	0.277	2.0	0.000775	58.5
a1[60]	0.106	0.129	0.183	2.84e-07	5.39e-07	0.428	2.0	0.000775	83.8
a1[61]	0.0415	0.0508	0.0718	3.46e-06	6.11e-06	0.17	2.0	0.000775	44.7
a1[62]	0.068	0.0833	0.118	1.03e-06	1.88e-06	0.277	2.0	0.000775	58.5
a1[63]	0.00927	0.0112	0.0158	9e-05	0.000142	0.038	2.0	0.000775	29.2
a1[64]	0.0415	0.0508	0.0718	3.46e-06	6.11e-06	0.17	2.0	0.000775	44.7
a1[65]	0.106	0.129	0.183	2.84e-07	5.39e-07	0.428	2.0	0.000775	83.8
a1[66]	0.0247	0.0302	0.0427	1.09e-05	1.86e-05	0.102	2.0	0.000775	36.7
a1[67]	0.106	0.129	0.183	2.84e-07	5.39e-07	0.428	2.0	0.000775	83.8
a1[68]	0.00871	0.0014	0.0021	0.00593	0.00795	0.0124	2.26	0.000875	2.78
a1[69]	0.0247	0.0302	0.0427	1.09e-05	1.86e-05	0.102	2.0	0.000775	36.7
a1[70]	0.00587	0.00255	0.00364	0.00288	0.00398	0.0125	2.03	0.000784	8.37
a1[71]	0.068	0.0833	0.118	1.03e-06	1.88e-06	0.277	2.0	0.000775	58.5
a1[72]	0.0247	0.0302	0.0427	1.09e-05	1.86e-05	0.102	2.0	0.000775	36.7
a1[73]	0.0148	0.0181	0.0256	3.24e-05	5.31e-05	0.0611	2.0	0.000775	31.9
a1[74]	0.0643	0.0118	0.0173	0.0338	0.0712	0.0844	2.15	0.000833	3.55
a1[75]	0.00927	0.0112	0.0158	9e-05	0.000142	0.038	2.0	0.000775	29.2
a1[76]	0.00587	0.00255	0.00364	0.00288	0.00398	0.0125	2.03	0.000784	8.37
a1[77]	0.00871	0.0014	0.0021	0.00593	0.00795	0.0124	2.26	0.000875	2.78
a1[78]	0.00629	0.0073	0.0103	0.000234	0.000358	0.0251	2.0	0.000775	27.7
a1[79]	0.106	0.129	0.183	2.84e-07	5.39e-07	0.428	2.0	0.000775	83.8
a1[80]	0.0415	0.0508	0.0718	3.46e-06	6.11e-06	0.17	2.0	0.000775	44.7
a1[81]	0.0148	0.0181	0.0256	3.24e-05	5.31e-05	0.0611	2.0	0.000775	31.9
a1[82]	0.068	0.0833	0.118	1.03e-06	1.88e-06	0.277	2.0	0.000775	58.5
a1[83]	0.0247	0.0302	0.0427	1.09e-05	1.86e-05	0.102	2.0	0.000775	36.7
a1[84]	0.151	0.184	0.261	7.37e-08	1.45e-07	0.607	2.0	0.000775	133.0
a1[85]	0.0415	0.0508	0.0718	3.46e-06	6.11e-06	0.17	2.0	0.000775	44.7
a1[86]	0.068	0.0833	0.118	1.03e-06	1.88e-06	0.277	2.0	0.000775	58.5
a1[87]	0.151	0.184	0.261	7.37e-08	1.45e-07	0.607	2.0	0.000775	133.0
a1[88]	0.00492	0.00505	0.00715	0.000574	0.000847	0.018	2.0	0.000776	25.4
a1[89]	0.00871	0.0014	0.0021	0.00593	0.00795	0.0124	2.26	0.000875	2.78
a1[90]	0.00492	0.00505	0.00715	0.000574	0.000847	0.018	2.0	0.000776	25.4
a1[91]	0.00871	0.0014	0.0021	0.00593	0.00795	0.0124	2.26	0.000875	2.78
a1[92]	0.00629	0.0073	0.0103	0.000234	0.000358	0.0251	2.0	0.000775	27.7
a1[93]	0.0142	0.000295	0.00142	0.0116	0.0139	0.0173	23.1	0.00893	1.05
a1[94]	0.00476	0.00364	0.00516	0.00132	0.00189	0.0142	2.01	0.000777	17.9
a1[95]	0.00871	0.0014	0.0021	0.00593	0.00795	0.0124	2.26	0.000875	2.78
a1[96]	0.068	0.0833	0.118	1.03e-06	1.88e-06	0.277	2.0	0.000775	58.5
a1[97]	0.068	0.0833	0.118	1.03e-06	1.88e-06	0.277	2.0	0.000775	58.5
a1[98]	0.068	0.0833	0.118	1.03e-06	1.88e-06	0.277	2.0	0.000775	58.5
a1[99]	0.0142	0.000295	0.00142	0.0116	0.0139	0.0173	23.1	0.00893	1.05
a1[100]	0.0247	0.0302	0.0427	1.09e-05	1.86e-05	0.102	2.0	0.000775	36.7
a1[101]	0.0142	0.000295	0.00142	0.0116	0.0139	0.0173	23.1	0.00893	1.05
a1[102]	0.0148	0.0181	0.0256	3.24e-05	5.31e-05	0.0611	2.0	0.000775	31.9
a1[103]	0.0415	0.0508	0.0718	3.46e-06	6.11e-06	0.17	2.0	0.000775	44.7
a1[104]	0.00927	0.0112	0.0158	9e-05	0.000142	0.038	2.0	0.000775	29.2
a1[105]	0.106	0.129	0.183	2.84e-07	5.39e-07	0.428	2.0	0.000775	83.8
a1[106]	0.0148	0.0181	0.0256	3.24e-05	5.31e-05	0.0611	2.0	0.000775	31.9
a1[107]	0.0148	0.0181	0.0256	3.24e-05	5.31e-05	0.0611	2.0	0.000775	31.9
a1[108]	0.00492	0.00505	0.00715	0.000574	0.000847	0.018	2.0	0.000776	25.4
a1[109]	0.0415	0.0508	0.0718	3.46e-06	6.11e-06	0.17	2.0	0.000775	44.7
a1[110]	0.00492	0.00505	0.00715	0.000574	0.000847	0.018	2.0	0.000776	25.4
a1[111]	0.0247	0.0302	0.0427	1.09e-05	1.86e-05	0.102	2.0	0.000775	36.7
a1[112]	0.0247	0.0302	0.0427	1.09e-05	1.86e-05	0.102	2.0	0.000775	36.7
a1[113]	0.00871	0.0014	0.0021	0.00593	0.00795	0.0124	2.26	0.000875	2.78
a1[114]	0.0397	0.00663	0.00988	0.0226	0.0432	0.0522	2.22	0.000858	3.02
a1[115]	0.00492	0.00505	0.00715	0.000574	0.000847	0.018	2.0	0.000776	25.4
a1[116]	0.0247	0.0302	0.0427	1.09e-05	1.86e-05	0.102	2.0	0.000775	36.7
a1[117]	0.00587	0.00255	0.00364	0.00288	0.00398	0.0125	2.03	0.000784	8.37
a1[118]	0.0247	0.0302	0.0427	1.09e-05	1.86e-05	0.102	2.0	0.000775	36.7
a1[119]	0.00492	0.00505	0.00715	0.000574	0.000847	0.018	2.0	0.000776	25.4
a1[120]	0.00492	0.00505	0.00715	0.000574	0.000847	0.018	2.0	0.000776	25.4
a1[121]	0.00492	0.00505	0.00715	0.000574	0.000847	0.018	2.0	0.000776	25.4
a1[122]	0.00476	0.00364	0.00516	0.00132	0.00189	0.0142	2.01	0.000777	17.9
a1[123]	0.00492	0.00505	0.00715	0.000574	0.000847	0.018	2.0	0.000776	25.4
a1[124]	0.00492	0.00505	0.00715	0.000574	0.000847	0.018	2.0	0.000776	25.4
a1[125]	0.00492	0.00505	0.00715	0.000574	0.000847	0.018	2.0	0.000776	25.4
a1[126]	0.00492	0.00505	0.00715	0.000574	0.000847	0.018	2.0	0.000776	25.4
a1[127]	0.0247	0.0302	0.0427	1.09e-05	1.86e-05	0.102	2.0	0.000775	36.7
a1[128]	0.106	0.129	0.183	2.84e-07	5.39e-07	0.428	2.0	0.000775	83.8
a1[129]	0.151	0.184	0.261	7.37e-08	1.45e-07	0.607	2.0	0.000775	133.0
a1[130]	0.0247	0.0302	0.0427	1.09e-05	1.86e-05	0.102	2.0	0.000775	36.7
a1[131]	0.00492	0.00505	0.00715	0.000574	0.000847	0.018	2.0	0.000776	25.4
a1[132]	0.00476	0.00364	0.00516	0.00132	0.00189	0.0142	2.01	0.000777	17.9
a1[133]	0.151	0.184	0.261	7.37e-08	1.45e-07	0.607	2.0	0.000775	133.0
a1[134]	0.151	0.184	0.261	7.37e-08	1.45e-07	0.607	2.0	0.000775	133.0
a1[135]	0.0142	0.000295	0.00142	0.0116	0.0139	0.0173	23.1	0.00893	1.05
a1[136]	0.00492	0.00505	0.00715	0.000574	0.000847	0.018	2.0	0.000776	25.4
a1[137]	0.0397	0.00663	0.00988	0.0226	0.0432	0.0522	2.22	0.000858	3.02
a1[138]	0.0397	0.00663	0.00988	0.0226	0.0432	0.0522	2.22	0.000858	3.02
a1[139]	0.0142	0.000295	0.00142	0.0116	0.0139	0.0173	23.1	0.00893	1.05
a1[140]	0.0397	0.00663	0.00988	0.0226	0.0432	0.0522	2.22	0.000858	3.02
a1[141]	0.106	0.129	0.183	2.84e-07	5.39e-07	0.428	2.0	0.000775	83.8
a1[142]	0.00492	0.00505	0.00715	0.000574	0.000847	0.018	2.0	0.000776	25.4
a1[143]	0.00492	0.00505	0.00715	0.000574	0.000847	0.018	2.0	0.000776	25.4
a1[144]	0.0148	0.0181	0.0256	3.24e-05	5.31e-05	0.0611	2.0	0.000775	31.9
a1[145]	0.00629	0.0073	0.0103	0.000234	0.000358	0.0251	2.0	0.000775	27.7
a1[146]	0.0643	0.0118	0.0173	0.0338	0.0712	0.0844	2.15	0.000833	3.55
a1[147]	0.0239	0.00287	0.00453	0.0164	0.025	0.0307	2.49	0.000963	2.14
a1[148]	0.0397	0.00663	0.00988	0.0226	0.0432	0.0522	2.22	0.000858	3.02
a1[149]	0.00871	0.0014	0.0021	0.00593	0.00795	0.0124	2.26	0.000875	2.78
a1[150]	0.00587	0.00255	0.00364	0.00288	0.00398	0.0125	2.03	0.000784	8.37
